Métrica,AlphaBeta,Minimax
Nós visitados (total),60801.0,285750.0
Tempo total (ms),6667.269945144653,30822.890758514404
